{"Mean":{"confidence_interval":{"confidence_level":0.95,"lower_bound":922615.0168008762,"upper_bound":955245.9164166534},"point_estimate":939259.391178765,"standard_error":8304.542749350723},"Median":{"confidence_interval":{"confidence_level":0.95,"lower_bound":985052.7733333333,"upper_bound":990826.7690972222},"point_estimate":988032.9780701755,"standard_error":1496.1233525219332},"MedianAbsDev":{"confidence_interval":{"confidence_level":0.95,"lower_bound":8595.200056495594,"upper_bound":24501.651281101622},"point_estimate":13015.569129256852,"standard_error":3918.4355511781614},"Slope":{"confidence_interval":{"confidence_level":0.95,"lower_bound":981742.8792421048,"upper_bound":987535.3414522458},"point_estimate":984930.184335747,"standard_error":1476.4537680263504},"StdDev":{"confidence_interval":{"confidence_level":0.95,"lower_bound":74138.21380445566,"upper_bound":89040.87814839704},"point_estimate":83308.09913854217,"standard_error":3830.8627185377336}}