{"Mean":{"confidence_interval":{"confidence_level":0.95,"lower_bound":1.2377761116087869,"upper_bound":1.3542587815248603},"point_estimate":1.2930642266206769,"standard_error":0.029576936217536424},"Median":{"confidence_interval":{"confidence_level":0.95,"lower_bound":1.2405547570567332,"upper_bound":1.405365126676602},"point_estimate":1.3664417791104446,"standard_error":0.042290763585607766},"MedianAbsDev":{"confidence_interval":{"confidence_level":0.95,"lower_bound":0.16471475910922928,"upper_bound":0.3295676628475139},"point_estimate":0.2287920054602284,"standard_error":0.041340780969490384},"Slope":{"confidence_interval":{"confidence_level":0.95,"lower_bound":1.4163150133830422,"upper_bound":1.4616570528960007},"point_estimate":1.4416643195792649,"standard_error":0.011621770496967434},"StdDev":{"confidence_interval":{"confidence_level":0.95,"lower_bound":0.21192636436370965,"upper_bound":0.4085712054729232},"point_estimate":0.29823319340105064,"standard_error":0.05841535435466099}}