{"Mean":{"confidence_interval":{"confidence_level":0.95,"lower_bound":408.9216863916579,"upper_bound":410.45439424276947},"point_estimate":409.6580704564276,"standard_error":0.39110397934934515},"Median":{"confidence_interval":{"confidence_level":0.95,"lower_bound":407.19667012627576,"upper_bound":408.60593931813446},"point_estimate":407.72494296089207,"standard_error":0.2965353058259769},"MedianAbsDev":{"confidence_interval":{"confidence_level":0.95,"lower_bound":0.8695034871621955,"upper_bound":2.7367583813112786},"point_estimate":1.6000385761439477,"standard_error":0.41958147315698213},"Slope":{"confidence_interval":{"confidence_level":0.95,"lower_bound":407.97853673570114,"upper_bound":409.5213894506629},"point_estimate":408.6997309756458,"standard_error":0.3949958428453749},"StdDev":{"confidence_interval":{"confidence_level":0.95,"lower_bound":3.1760300610604912,"upper_bound":4.637468406114196},"point_estimate":3.9355955767892064,"standard_error":0.37231199666373394}}